,mean,sd,hdi_3%,hdi_97%,mcse_mean,mcse_sd,ess_bulk,ess_tail,r_hat
α,0.914,0.008,0.899,0.929,0.0,0.0,765.0,970.0,1.0
beta_jabs[0],-0.004,0.031,-0.062,0.051,0.001,0.001,603.0,1015.0,1.01
beta_jabs[1],-0.004,0.03,-0.066,0.048,0.001,0.001,587.0,1095.0,1.01
beta_jabs[2],-0.004,0.03,-0.06,0.05,0.001,0.001,575.0,1123.0,1.01
beta_jabs[3],-0.004,0.03,-0.061,0.048,0.001,0.001,570.0,1060.0,1.01
beta_jabs[4],-0.004,0.029,-0.059,0.049,0.001,0.001,560.0,1141.0,1.01
beta_jabs[5],-0.004,0.029,-0.061,0.047,0.001,0.001,552.0,1148.0,1.01
beta_jabs[6],-0.004,0.029,-0.056,0.048,0.001,0.001,540.0,912.0,1.01
beta_jabs[7],-0.004,0.028,-0.057,0.046,0.001,0.001,516.0,910.0,1.01
beta_jabs[8],-0.004,0.028,-0.054,0.048,0.001,0.001,496.0,1027.0,1.01
beta_jabs[9],-0.004,0.027,-0.055,0.044,0.001,0.001,498.0,871.0,1.01
beta_jabs[10],-0.004,0.027,-0.057,0.042,0.001,0.001,482.0,855.0,1.01
beta_jabs[11],-0.004,0.026,-0.053,0.044,0.001,0.001,469.0,755.0,1.01
beta_jabs[12],-0.004,0.026,-0.052,0.043,0.001,0.001,463.0,782.0,1.01
beta_jabs[13],-0.004,0.025,-0.055,0.041,0.001,0.001,472.0,731.0,1.01
beta_jabs[14],-0.003,0.025,-0.049,0.045,0.001,0.001,459.0,665.0,1.01
beta_jabs[15],-0.003,0.025,-0.05,0.043,0.001,0.001,434.0,596.0,1.01
beta_jabs[16],-0.003,0.024,-0.046,0.045,0.001,0.001,432.0,641.0,1.01
beta_jabs[17],-0.003,0.024,-0.045,0.043,0.001,0.001,432.0,715.0,1.01
beta_jabs[18],-0.003,0.023,-0.05,0.037,0.001,0.001,428.0,738.0,1.01
beta_jabs[19],-0.003,0.023,-0.047,0.038,0.001,0.001,419.0,789.0,1.01
beta_jabs[20],-0.004,0.022,-0.046,0.036,0.001,0.001,420.0,775.0,1.01
beta_jabs[21],-0.004,0.022,-0.046,0.035,0.001,0.001,417.0,794.0,1.01
beta_jabs[22],-0.005,0.021,-0.043,0.034,0.001,0.001,437.0,925.0,1.01
beta_jabs[23],-0.006,0.02,-0.045,0.031,0.001,0.001,431.0,789.0,1.01
beta_jabs[24],-0.007,0.02,-0.043,0.031,0.001,0.001,428.0,750.0,1.01
beta_jabs[25],-0.009,0.019,-0.044,0.027,0.001,0.001,422.0,688.0,1.01
beta_jabs[26],-0.011,0.019,-0.046,0.025,0.001,0.001,434.0,727.0,1.01
beta_jabs[27],-0.012,0.019,-0.046,0.022,0.001,0.001,418.0,674.0,1.01
beta_jabs[28],-0.013,0.018,-0.049,0.019,0.001,0.001,401.0,668.0,1.01
beta_jabs[29],-0.013,0.018,-0.047,0.021,0.001,0.001,407.0,823.0,1.01
beta_jabs[30],-0.014,0.018,-0.048,0.02,0.001,0.001,394.0,684.0,1.0
beta_jabs[31],-0.014,0.018,-0.046,0.02,0.001,0.001,370.0,750.0,1.01
beta_jabs[32],-0.015,0.018,-0.05,0.016,0.001,0.001,355.0,771.0,1.0
beta_jabs[33],-0.016,0.018,-0.048,0.017,0.001,0.001,348.0,673.0,1.01
beta_jabs[34],-0.017,0.017,-0.049,0.016,0.001,0.001,355.0,840.0,1.01
beta_jabs[35],-0.02,0.018,-0.052,0.013,0.001,0.001,340.0,827.0,1.01
beta_jabs[36],-0.023,0.018,-0.054,0.012,0.001,0.001,325.0,701.0,1.01
beta_jabs[37],-0.024,0.019,-0.057,0.012,0.001,0.001,307.0,558.0,1.01
beta_jabs[38],-0.027,0.019,-0.064,0.008,0.001,0.001,323.0,718.0,1.01
beta_jabs[39],-0.028,0.02,-0.064,0.01,0.001,0.001,320.0,644.0,1.01
beta_jabs[40],-0.027,0.021,-0.068,0.009,0.001,0.001,309.0,725.0,1.01
beta_jabs[41],-0.026,0.022,-0.071,0.009,0.001,0.001,309.0,620.0,1.01
beta_jabs[42],-0.027,0.023,-0.069,0.015,0.001,0.001,326.0,686.0,1.01
beta_jabs[43],-0.027,0.024,-0.075,0.013,0.001,0.001,320.0,542.0,1.01
beta_jabs[44],-0.028,0.025,-0.074,0.017,0.001,0.001,331.0,615.0,1.01
beta_jabs[45],-0.028,0.025,-0.076,0.017,0.001,0.001,341.0,610.0,1.01
beta_jabs[46],-0.028,0.026,-0.076,0.021,0.001,0.001,352.0,601.0,1.01
beta_jabs[47],-0.026,0.026,-0.079,0.02,0.001,0.001,370.0,650.0,1.01
beta_cpi[0],0.0,0.034,-0.066,0.061,0.002,0.001,449.0,864.0,1.01
beta_cpi[1],0.0,0.034,-0.057,0.07,0.002,0.001,435.0,874.0,1.01
beta_cpi[2],0.0,0.033,-0.06,0.065,0.002,0.001,429.0,900.0,1.01
beta_cpi[3],0.0,0.033,-0.056,0.066,0.002,0.001,419.0,763.0,1.01
beta_cpi[4],-0.0,0.032,-0.06,0.06,0.002,0.001,406.0,814.0,1.01
beta_cpi[5],-0.0,0.032,-0.056,0.063,0.002,0.001,401.0,751.0,1.01
beta_cpi[6],-0.0,0.032,-0.056,0.062,0.002,0.001,400.0,712.0,1.01
beta_cpi[7],0.0,0.032,-0.057,0.058,0.002,0.001,389.0,716.0,1.01
beta_cpi[8],0.0,0.031,-0.056,0.058,0.002,0.001,375.0,736.0,1.01
beta_cpi[9],0.0,0.031,-0.058,0.055,0.002,0.001,364.0,730.0,1.01
beta_cpi[10],0.0,0.03,-0.056,0.056,0.002,0.001,357.0,628.0,1.01
beta_cpi[11],0.0,0.03,-0.055,0.055,0.002,0.001,351.0,594.0,1.01
beta_cpi[12],0.0,0.03,-0.055,0.054,0.002,0.001,342.0,620.0,1.01
beta_cpi[13],0.001,0.029,-0.053,0.056,0.002,0.001,343.0,563.0,1.01
beta_cpi[14],0.001,0.029,-0.048,0.058,0.002,0.001,333.0,657.0,1.01
beta_cpi[15],0.001,0.028,-0.05,0.053,0.002,0.001,333.0,665.0,1.01
beta_cpi[16],0.001,0.028,-0.05,0.052,0.002,0.001,324.0,601.0,1.01
beta_cpi[17],0.001,0.028,-0.051,0.05,0.002,0.001,323.0,606.0,1.01
beta_cpi[18],0.001,0.028,-0.052,0.051,0.002,0.001,323.0,593.0,1.01
beta_cpi[19],0.001,0.027,-0.05,0.051,0.002,0.001,307.0,547.0,1.01
beta_cpi[20],0.001,0.027,-0.049,0.052,0.002,0.001,313.0,625.0,1.01
beta_cpi[21],0.0,0.027,-0.051,0.049,0.002,0.001,317.0,626.0,1.01
beta_cpi[22],-0.001,0.027,-0.05,0.048,0.002,0.001,324.0,533.0,1.01
beta_cpi[23],-0.002,0.027,-0.051,0.047,0.001,0.001,320.0,519.0,1.01
beta_cpi[24],-0.003,0.027,-0.051,0.046,0.001,0.001,329.0,504.0,1.01
beta_cpi[25],-0.005,0.026,-0.052,0.044,0.001,0.001,338.0,544.0,1.01
beta_cpi[26],-0.006,0.026,-0.055,0.041,0.001,0.001,324.0,554.0,1.01
beta_cpi[27],-0.007,0.026,-0.057,0.04,0.001,0.001,334.0,495.0,1.01
beta_cpi[28],-0.009,0.025,-0.054,0.041,0.001,0.001,326.0,521.0,1.01
beta_cpi[29],-0.01,0.025,-0.055,0.037,0.001,0.001,320.0,590.0,1.01
beta_cpi[30],-0.011,0.025,-0.055,0.036,0.001,0.001,326.0,575.0,1.01
beta_cpi[31],-0.011,0.024,-0.054,0.037,0.001,0.001,335.0,594.0,1.01
beta_cpi[32],-0.012,0.024,-0.058,0.032,0.001,0.001,338.0,586.0,1.01
beta_cpi[33],-0.013,0.023,-0.055,0.033,0.001,0.001,346.0,609.0,1.01
beta_cpi[34],-0.014,0.023,-0.054,0.031,0.001,0.001,347.0,650.0,1.01
beta_cpi[35],-0.014,0.022,-0.055,0.028,0.001,0.001,361.0,599.0,1.01
beta_cpi[36],-0.015,0.022,-0.053,0.029,0.001,0.001,359.0,601.0,1.01
beta_cpi[37],-0.016,0.021,-0.053,0.025,0.001,0.001,375.0,570.0,1.01
beta_cpi[38],-0.016,0.021,-0.055,0.021,0.001,0.001,395.0,634.0,1.01
beta_cpi[39],-0.017,0.02,-0.055,0.021,0.001,0.001,402.0,762.0,1.01
beta_cpi[40],-0.015,0.02,-0.053,0.022,0.001,0.001,421.0,674.0,1.01
beta_cpi[41],-0.014,0.019,-0.05,0.021,0.001,0.001,427.0,771.0,1.01
beta_cpi[42],-0.015,0.018,-0.052,0.017,0.001,0.001,439.0,881.0,1.01
beta_cpi[43],-0.014,0.018,-0.045,0.021,0.001,0.001,458.0,894.0,1.01
beta_cpi[44],-0.015,0.017,-0.046,0.018,0.001,0.001,469.0,726.0,1.01
beta_cpi[45],-0.016,0.017,-0.046,0.017,0.001,0.001,490.0,630.0,1.01
beta_cpi[46],-0.014,0.017,-0.044,0.018,0.001,0.001,515.0,697.0,1.01
beta_cpi[47],-0.012,0.017,-0.044,0.019,0.001,0.0,558.0,864.0,1.01
beta_unknown[0],-0.047,0.033,-0.109,0.013,0.001,0.001,489.0,919.0,1.0
beta_unknown[1],-0.047,0.032,-0.105,0.015,0.001,0.001,471.0,924.0,1.01
beta_unknown[2],-0.047,0.032,-0.108,0.01,0.001,0.001,469.0,993.0,1.0
beta_unknown[3],-0.047,0.032,-0.102,0.015,0.001,0.001,476.0,852.0,1.0
beta_unknown[4],-0.047,0.031,-0.102,0.011,0.001,0.001,469.0,960.0,1.01
beta_unknown[5],-0.047,0.031,-0.105,0.008,0.001,0.001,468.0,893.0,1.01
beta_unknown[6],-0.047,0.031,-0.104,0.006,0.001,0.001,484.0,850.0,1.01
beta_unknown[7],-0.047,0.03,-0.102,0.007,0.001,0.001,461.0,789.0,1.01
beta_unknown[8],-0.047,0.03,-0.1,0.007,0.001,0.001,474.0,763.0,1.01
beta_unknown[9],-0.047,0.029,-0.101,0.005,0.001,0.001,478.0,709.0,1.01
beta_unknown[10],-0.047,0.028,-0.098,0.005,0.001,0.001,485.0,912.0,1.01
beta_unknown[11],-0.047,0.028,-0.094,0.008,0.001,0.001,478.0,865.0,1.01
beta_unknown[12],-0.047,0.027,-0.098,0.003,0.001,0.001,475.0,890.0,1.01
beta_unknown[13],-0.048,0.027,-0.098,0.001,0.001,0.001,479.0,805.0,1.01
beta_unknown[14],-0.048,0.026,-0.095,0.002,0.001,0.001,472.0,709.0,1.01
beta_unknown[15],-0.048,0.025,-0.094,-0.001,0.001,0.001,468.0,483.0,1.01
beta_unknown[16],-0.048,0.025,-0.098,-0.006,0.001,0.001,454.0,581.0,1.01
beta_unknown[17],-0.049,0.024,-0.091,-0.001,0.001,0.001,438.0,731.0,1.01
beta_unknown[18],-0.049,0.024,-0.094,-0.006,0.001,0.001,429.0,637.0,1.01
beta_unknown[19],-0.049,0.023,-0.089,-0.005,0.001,0.001,432.0,887.0,1.01
beta_unknown[20],-0.048,0.022,-0.092,-0.008,0.001,0.001,459.0,601.0,1.01
beta_unknown[21],-0.047,0.022,-0.09,-0.009,0.001,0.001,453.0,508.0,1.01
beta_unknown[22],-0.046,0.021,-0.085,-0.008,0.001,0.001,463.0,658.0,1.01
beta_unknown[23],-0.045,0.02,-0.085,-0.009,0.001,0.001,438.0,662.0,1.01
beta_unknown[24],-0.043,0.02,-0.08,-0.006,0.001,0.001,481.0,529.0,1.01
beta_unknown[25],-0.04,0.019,-0.075,-0.003,0.001,0.001,479.0,757.0,1.01
beta_unknown[26],-0.038,0.019,-0.078,-0.006,0.001,0.001,459.0,549.0,1.01
beta_unknown[27],-0.037,0.018,-0.071,-0.003,0.001,0.001,446.0,568.0,1.01
beta_unknown[28],-0.036,0.018,-0.068,-0.001,0.001,0.001,420.0,660.0,1.01
beta_unknown[29],-0.035,0.018,-0.067,-0.001,0.001,0.001,400.0,595.0,1.01
beta_unknown[30],-0.034,0.017,-0.066,-0.001,0.001,0.001,395.0,621.0,1.01
beta_unknown[31],-0.033,0.018,-0.067,-0.002,0.001,0.001,389.0,596.0,1.01
beta_unknown[32],-0.032,0.018,-0.065,0.002,0.001,0.001,372.0,458.0,1.01
beta_unknown[33],-0.032,0.018,-0.065,0.003,0.001,0.001,363.0,490.0,1.01
beta_unknown[34],-0.033,0.019,-0.07,0.001,0.001,0.001,368.0,513.0,1.01
beta_unknown[35],-0.035,0.019,-0.07,0.003,0.001,0.001,374.0,543.0,1.01
beta_unknown[36],-0.037,0.02,-0.072,0.001,0.001,0.001,374.0,473.0,1.01
beta_unknown[37],-0.039,0.02,-0.073,0.002,0.001,0.001,375.0,605.0,1.01
beta_unknown[38],-0.04,0.02,-0.078,-0.001,0.001,0.001,411.0,720.0,1.01
beta_unknown[39],-0.041,0.021,-0.081,-0.003,0.001,0.001,430.0,572.0,1.01
beta_unknown[40],-0.04,0.021,-0.082,-0.001,0.001,0.001,463.0,745.0,1.01
beta_unknown[41],-0.04,0.022,-0.076,0.004,0.001,0.001,498.0,711.0,1.01
beta_unknown[42],-0.04,0.022,-0.081,0.002,0.001,0.001,511.0,829.0,1.01
beta_unknown[43],-0.04,0.022,-0.083,-0.0,0.001,0.001,553.0,828.0,1.01
beta_unknown[44],-0.041,0.023,-0.086,-0.0,0.001,0.001,590.0,931.0,1.01
beta_unknown[45],-0.041,0.023,-0.083,0.003,0.001,0.001,603.0,903.0,1.01
beta_unknown[46],-0.041,0.024,-0.086,0.003,0.001,0.001,642.0,922.0,1.01
beta_unknown[47],-0.04,0.024,-0.084,0.007,0.001,0.001,685.0,958.0,1.01
β_fourier[0],0.048,0.007,0.035,0.062,0.0,0.0,1958.0,1375.0,1.0
β_fourier[1],-0.079,0.007,-0.094,-0.066,0.0,0.0,2148.0,1711.0,1.0
β_fourier[2],0.012,0.043,-0.071,0.095,0.001,0.001,2497.0,1723.0,1.0
β_fourier[3],-0.011,0.044,-0.09,0.076,0.001,0.001,2437.0,1693.0,1.0
β_fourier[4],0.054,0.046,-0.032,0.144,0.001,0.001,2299.0,1535.0,1.0
β_fourier[5],-0.005,0.044,-0.087,0.078,0.001,0.001,2402.0,1515.0,1.0
β_fourier[6],0.021,0.049,-0.061,0.12,0.001,0.001,2280.0,1691.0,1.0
β_fourier[7],-0.011,0.041,-0.088,0.067,0.001,0.001,2295.0,1513.0,1.0
β_fourier[8],-0.033,0.049,-0.122,0.054,0.001,0.001,2140.0,1612.0,1.0
β_fourier[9],0.012,0.04,-0.055,0.09,0.001,0.001,2715.0,1663.0,1.0
β_fourier[10],0.019,0.063,-0.104,0.139,0.001,0.001,2565.0,1652.0,1.0
β_fourier[11],0.011,0.006,-0.0,0.022,0.0,0.0,1956.0,1520.0,1.0
β_fourier[12],-0.011,0.047,-0.092,0.078,0.001,0.001,2141.0,1655.0,1.0
β_fourier[13],0.008,0.042,-0.067,0.085,0.001,0.001,2598.0,1686.0,1.0
β_fourier[14],0.014,0.046,-0.066,0.105,0.001,0.001,2409.0,1655.0,1.0
β_fourier[15],0.028,0.044,-0.054,0.109,0.001,0.001,2131.0,1429.0,1.0
β_fourier[16],0.054,0.045,-0.03,0.141,0.001,0.001,2454.0,1389.0,1.0
β_fourier[17],0.013,0.045,-0.067,0.1,0.001,0.001,2341.0,1481.0,1.0
β_fourier[18],0.001,0.045,-0.083,0.089,0.001,0.001,2415.0,1823.0,1.0
β_fourier[19],0.013,0.043,-0.067,0.098,0.001,0.001,2453.0,1652.0,1.0
beta[0],-0.045,0.038,-0.123,0.022,0.002,0.001,589.0,1047.0,1.0
beta[1],-0.044,0.038,-0.113,0.029,0.002,0.001,559.0,964.0,1.0
beta[2],-0.044,0.037,-0.114,0.023,0.002,0.001,550.0,963.0,1.0
beta[3],-0.044,0.037,-0.115,0.023,0.002,0.001,529.0,907.0,1.0
beta[4],-0.044,0.036,-0.108,0.029,0.002,0.001,506.0,876.0,1.0
beta[5],-0.044,0.035,-0.108,0.025,0.002,0.001,552.0,806.0,1.0
beta[6],-0.044,0.035,-0.107,0.025,0.001,0.001,584.0,853.0,1.0
beta[7],-0.044,0.034,-0.107,0.023,0.001,0.001,614.0,833.0,1.0
beta[8],-0.045,0.033,-0.106,0.022,0.001,0.001,600.0,700.0,1.0
beta[9],-0.045,0.032,-0.107,0.015,0.001,0.001,582.0,820.0,1.0
beta[10],-0.045,0.032,-0.106,0.014,0.001,0.001,544.0,787.0,1.0
beta[11],-0.045,0.031,-0.106,0.009,0.001,0.001,530.0,833.0,1.0
beta[12],-0.045,0.029,-0.102,0.008,0.001,0.001,616.0,859.0,1.0
beta[13],-0.045,0.029,-0.099,0.008,0.001,0.001,672.0,911.0,1.0
beta[14],-0.046,0.028,-0.097,0.007,0.001,0.001,774.0,854.0,1.0
beta[15],-0.047,0.029,-0.102,0.007,0.001,0.001,869.0,1038.0,1.0
beta[16],-0.047,0.027,-0.103,-0.001,0.001,0.001,854.0,940.0,1.0
beta[17],-0.047,0.025,-0.09,0.003,0.001,0.001,703.0,706.0,1.0
beta[18],-0.047,0.024,-0.093,-0.004,0.001,0.001,750.0,779.0,1.0
beta[19],-0.047,0.023,-0.088,-0.002,0.001,0.001,703.0,1011.0,1.0
beta[20],-0.046,0.023,-0.086,-0.001,0.001,0.001,800.0,941.0,1.0
beta[21],-0.044,0.023,-0.087,-0.002,0.001,0.001,883.0,976.0,1.0
beta[22],-0.042,0.022,-0.082,0.002,0.001,0.001,949.0,1126.0,1.0
beta[23],-0.039,0.021,-0.076,0.004,0.001,0.001,835.0,988.0,1.0
beta[24],-0.036,0.02,-0.074,0.001,0.001,0.001,549.0,713.0,1.0
beta[25],-0.031,0.019,-0.067,0.006,0.001,0.001,619.0,879.0,1.0
beta[26],-0.027,0.019,-0.063,0.009,0.001,0.001,542.0,827.0,1.0
beta[27],-0.026,0.02,-0.062,0.012,0.001,0.001,411.0,655.0,1.01
beta[28],-0.024,0.019,-0.061,0.009,0.001,0.001,494.0,683.0,1.0
beta[29],-0.022,0.017,-0.057,0.008,0.001,0.0,702.0,1015.0,1.0
beta[30],-0.024,0.016,-0.053,0.007,0.001,0.0,755.0,1006.0,1.0
beta[31],-0.03,0.015,-0.06,-0.002,0.001,0.0,748.0,1100.0,1.01
beta[32],-0.037,0.015,-0.065,-0.009,0.001,0.0,888.0,1160.0,1.0
beta[33],-0.043,0.015,-0.072,-0.013,0.0,0.0,1003.0,1479.0,1.0
beta[34],-0.05,0.015,-0.078,-0.022,0.0,0.0,1077.0,1668.0,1.0
beta[35],-0.059,0.015,-0.085,-0.031,0.0,0.0,1098.0,1611.0,1.0
beta[36],-0.065,0.014,-0.091,-0.036,0.0,0.0,1107.0,1327.0,1.0
beta[37],-0.073,0.014,-0.1,-0.049,0.0,0.0,1054.0,1341.0,1.0
beta[38],-0.089,0.014,-0.114,-0.063,0.0,0.0,898.0,1438.0,1.0
beta[39],-0.098,0.014,-0.124,-0.074,0.0,0.0,1208.0,1499.0,1.0
beta[40],-0.101,0.014,-0.125,-0.074,0.0,0.0,1329.0,1830.0,1.0
beta[41],-0.105,0.014,-0.131,-0.078,0.0,0.0,1025.0,1543.0,1.0
beta[42],-0.11,0.014,-0.136,-0.082,0.0,0.0,1290.0,1448.0,1.0
beta[43],-0.113,0.014,-0.138,-0.084,0.0,0.0,1138.0,1679.0,1.0
beta[44],-0.122,0.015,-0.149,-0.093,0.0,0.0,970.0,1601.0,1.0
beta[45],-0.125,0.015,-0.155,-0.097,0.0,0.0,1228.0,1866.0,1.0
beta[46],-0.123,0.016,-0.15,-0.09,0.0,0.0,1301.0,1739.0,1.0
beta[47],-0.116,0.019,-0.15,-0.08,0.001,0.0,1357.0,1821.0,1.0
trend[0],0.914,0.008,0.899,0.929,0.0,0.0,765.0,970.0,1.0
trend[1],0.913,0.008,0.899,0.927,0.0,0.0,837.0,1005.0,1.0
trend[2],0.912,0.007,0.899,0.926,0.0,0.0,907.0,1345.0,1.0
trend[3],0.911,0.007,0.898,0.924,0.0,0.0,1004.0,1372.0,1.0
trend[4],0.91,0.006,0.898,0.922,0.0,0.0,1140.0,1482.0,1.0
trend[5],0.909,0.006,0.898,0.92,0.0,0.0,1274.0,1426.0,1.0
trend[6],0.908,0.006,0.898,0.919,0.0,0.0,1441.0,1626.0,1.0
trend[7],0.907,0.006,0.897,0.917,0.0,0.0,1608.0,1756.0,1.0
trend[8],0.906,0.005,0.896,0.916,0.0,0.0,1764.0,1878.0,1.0
trend[9],0.905,0.005,0.895,0.915,0.0,0.0,1811.0,1904.0,1.0
trend[10],0.904,0.006,0.893,0.914,0.0,0.0,1716.0,1857.0,1.0
trend[11],0.904,0.006,0.893,0.913,0.0,0.0,1605.0,1876.0,1.0
trend[12],0.903,0.005,0.893,0.913,0.0,0.0,2025.0,1852.0,1.0
trend[13],0.901,0.005,0.891,0.911,0.0,0.0,2175.0,1484.0,1.0
trend[14],0.9,0.005,0.89,0.911,0.0,0.0,2045.0,1714.0,1.0
trend[15],0.899,0.006,0.887,0.911,0.0,0.0,1211.0,1202.0,1.0
trend[16],0.898,0.006,0.887,0.91,0.0,0.0,1604.0,1371.0,1.0
trend[17],0.897,0.006,0.886,0.908,0.0,0.0,1822.0,1553.0,1.0
trend[18],0.896,0.006,0.884,0.907,0.0,0.0,1852.0,1596.0,1.0
trend[19],0.895,0.006,0.883,0.906,0.0,0.0,1876.0,1771.0,1.0
trend[20],0.895,0.007,0.883,0.907,0.0,0.0,1713.0,1395.0,1.0
trend[21],0.894,0.007,0.882,0.908,0.0,0.0,1647.0,1577.0,1.0
trend[22],0.895,0.007,0.881,0.908,0.0,0.0,1543.0,1616.0,1.0
trend[23],0.895,0.007,0.881,0.908,0.0,0.0,1715.0,1567.0,1.0
trend[24],0.895,0.007,0.883,0.909,0.0,0.0,997.0,1070.0,1.0
trend[25],0.897,0.007,0.884,0.911,0.0,0.0,1388.0,1552.0,1.01
trend[26],0.899,0.008,0.885,0.913,0.0,0.0,888.0,1252.0,1.0
trend[27],0.899,0.009,0.883,0.915,0.0,0.0,522.0,1184.0,1.01
trend[28],0.9,0.008,0.885,0.915,0.0,0.0,711.0,1147.0,1.01
trend[29],0.9,0.007,0.886,0.914,0.0,0.0,1862.0,1818.0,1.0
trend[30],0.899,0.007,0.885,0.912,0.0,0.0,2020.0,1826.0,1.0
trend[31],0.894,0.007,0.881,0.908,0.0,0.0,1889.0,1702.0,1.01
trend[32],0.889,0.008,0.875,0.904,0.0,0.0,1720.0,1757.0,1.0
trend[33],0.884,0.009,0.868,0.902,0.0,0.0,1445.0,1366.0,1.0
trend[34],0.878,0.009,0.861,0.895,0.0,0.0,1505.0,1597.0,1.0
trend[35],0.87,0.009,0.854,0.887,0.0,0.0,1764.0,1817.0,1.0
trend[36],0.864,0.01,0.847,0.882,0.0,0.0,1392.0,1589.0,1.0
trend[37],0.856,0.009,0.839,0.873,0.0,0.0,1417.0,1677.0,1.0
trend[38],0.842,0.009,0.824,0.859,0.0,0.0,2003.0,1873.0,1.0
trend[39],0.833,0.01,0.815,0.851,0.0,0.0,1882.0,1932.0,1.0
trend[40],0.828,0.01,0.809,0.846,0.0,0.0,2027.0,1769.0,1.0
trend[41],0.823,0.011,0.803,0.844,0.0,0.0,1650.0,1866.0,1.01
trend[42],0.816,0.011,0.795,0.835,0.0,0.0,1761.0,1786.0,1.0
trend[43],0.811,0.011,0.79,0.831,0.0,0.0,1915.0,1805.0,1.0
trend[44],0.8,0.012,0.776,0.822,0.0,0.0,1606.0,2009.0,1.0
trend[45],0.794,0.012,0.772,0.818,0.0,0.0,2207.0,1764.0,1.0
trend[46],0.794,0.014,0.768,0.818,0.0,0.0,2115.0,1932.0,1.0
trend[47],0.798,0.017,0.766,0.829,0.0,0.0,2027.0,1931.0,1.0
seasonality[0],-0.008,0.011,-0.027,0.014,0.0,0.0,2072.0,1799.0,1.0
seasonality[1],-0.059,0.011,-0.08,-0.039,0.0,0.0,2098.0,1551.0,1.0
seasonality[2],0.039,0.013,0.015,0.064,0.0,0.0,1913.0,1800.0,1.0
seasonality[3],0.031,0.012,0.008,0.053,0.0,0.0,2108.0,1894.0,1.0
seasonality[4],0.085,0.013,0.063,0.109,0.0,0.0,1945.0,1883.0,1.0
seasonality[5],0.067,0.012,0.046,0.09,0.0,0.0,2050.0,1891.0,1.0
seasonality[6],0.082,0.012,0.062,0.108,0.0,0.0,2196.0,1896.0,1.0
seasonality[7],0.071,0.012,0.048,0.093,0.0,0.0,2161.0,1500.0,1.0
seasonality[8],-0.015,0.012,-0.036,0.008,0.0,0.0,2425.0,1746.0,1.0
seasonality[9],-0.022,0.013,-0.044,0.003,0.0,0.0,2061.0,1565.0,1.0
seasonality[10],-0.109,0.012,-0.132,-0.086,0.0,0.0,2138.0,1899.0,1.0
seasonality[11],-0.133,0.013,-0.154,-0.106,0.0,0.0,1948.0,1482.0,1.0
seasonality[12],-0.008,0.011,-0.027,0.014,0.0,0.0,2072.0,1799.0,1.0
seasonality[13],-0.059,0.011,-0.08,-0.039,0.0,0.0,2098.0,1551.0,1.0
seasonality[14],0.025,0.016,-0.006,0.052,0.0,0.0,2471.0,1889.0,1.0
seasonality[15],0.03,0.016,-0.003,0.058,0.0,0.0,2622.0,1881.0,1.0
seasonality[16],0.101,0.017,0.068,0.131,0.0,0.0,2388.0,1475.0,1.0
seasonality[17],0.057,0.018,0.024,0.088,0.0,0.0,2918.0,1791.0,1.0
seasonality[18],0.081,0.017,0.049,0.113,0.0,0.0,2241.0,1892.0,1.0
seasonality[19],0.066,0.017,0.033,0.096,0.0,0.0,2249.0,1689.0,1.0
seasonality[20],-0.005,0.017,-0.037,0.027,0.0,0.0,2445.0,1735.0,1.0
seasonality[21],-0.02,0.016,-0.05,0.011,0.0,0.0,2505.0,1363.0,1.0
seasonality[22],-0.12,0.016,-0.154,-0.092,0.0,0.0,2160.0,1925.0,1.0
seasonality[23],-0.141,0.016,-0.172,-0.111,0.0,0.0,2417.0,1568.0,1.0
seasonality[24],-0.008,0.011,-0.027,0.014,0.0,0.0,2072.0,1799.0,1.0
seasonality[25],-0.059,0.011,-0.08,-0.039,0.0,0.0,2098.0,1551.0,1.0
seasonality[26],0.039,0.013,0.015,0.064,0.0,0.0,1913.0,1800.0,1.0
seasonality[27],0.031,0.012,0.008,0.053,0.0,0.0,2108.0,1894.0,1.0
seasonality[28],0.085,0.013,0.063,0.109,0.0,0.0,1945.0,1883.0,1.0
seasonality[29],0.067,0.012,0.046,0.09,0.0,0.0,2050.0,1891.0,1.0
seasonality[30],0.082,0.012,0.062,0.108,0.0,0.0,2196.0,1896.0,1.0
seasonality[31],0.071,0.012,0.048,0.093,0.0,0.0,2161.0,1500.0,1.0
seasonality[32],-0.015,0.012,-0.036,0.008,0.0,0.0,2425.0,1746.0,1.0
seasonality[33],-0.022,0.013,-0.044,0.003,0.0,0.0,2061.0,1565.0,1.0
seasonality[34],-0.109,0.012,-0.132,-0.086,0.0,0.0,2138.0,1899.0,1.0
seasonality[35],-0.133,0.013,-0.154,-0.106,0.0,0.0,1948.0,1482.0,1.0
seasonality[36],-0.008,0.011,-0.027,0.014,0.0,0.0,2072.0,1799.0,1.0
seasonality[37],-0.059,0.011,-0.08,-0.039,0.0,0.0,2098.0,1551.0,1.0
seasonality[38],0.039,0.013,0.015,0.064,0.0,0.0,1913.0,1800.0,1.0
seasonality[39],0.031,0.012,0.008,0.053,0.0,0.0,2108.0,1894.0,1.0
seasonality[40],0.085,0.013,0.063,0.109,0.0,0.0,1945.0,1883.0,1.0
seasonality[41],0.067,0.012,0.046,0.09,0.0,0.0,2050.0,1891.0,1.0
seasonality[42],0.082,0.012,0.062,0.108,0.0,0.0,2196.0,1896.0,1.0
seasonality[43],0.071,0.012,0.048,0.093,0.0,0.0,2161.0,1500.0,1.0
seasonality[44],-0.015,0.012,-0.036,0.008,0.0,0.0,2425.0,1746.0,1.0
seasonality[45],-0.022,0.013,-0.044,0.003,0.0,0.0,2061.0,1565.0,1.0
seasonality[46],-0.109,0.012,-0.132,-0.086,0.0,0.0,2138.0,1899.0,1.0
seasonality[47],-0.133,0.013,-0.154,-0.106,0.0,0.0,1948.0,1482.0,1.0
σ,0.018,0.003,0.013,0.023,0.0,0.0,927.0,1336.0,1.0
